<?xml version="1.0"?>
<pagescount>
	<html_total>1</html_total>
	<html_done>1</html_done>
	<images>3</images>
	<script>3</script>
	<css/>
	<pdf/>
	<documents/>
	<excel/>
	<powerpoint/>
	<flash/>
	<audios/>
	<videos/>
	<xml/>
	<json/>
	<txt/>
	<autocad/>
	<fonts/>
	<scraping_reload>1</scraping_reload>
	<is_pretty_url>false</is_pretty_url>
	<has_trailing_slash>false</has_trailing_slash>
	<is_ebn>false</is_ebn>
	<email>prolltints@gmail.com</email>
	<theme_name>WmdTheme827027</theme_name>
	<server_url_front_page>https://www6.waybackmachinedownloader.com/wdo/files/demo/watchdocumentaries.com_prolltints_gmail.com_mdrv6klysh/</server_url_front_page>
	<no_www_url>watchdocumentaries.com</no_www_url>
	<hosted_domain/>
	<original_archive_url>https://watchdocumentaries.com/wp-content/uploads/games/monkey-mart/</original_archive_url>
	<final_archive_url>https://watchdocumentaries.com/wp-content/uploads/games/monkey-mart/</final_archive_url>
	<front_page_code_date/>
	<total_urls_from_api/>
	<max_reached_live>false</max_reached_live>
	<scrape_other_captures>false</scrape_other_captures>
	<total_size>372</total_size>
</pagescount>
