<?xml version="1.0"?>
<pagescount>
	<html_total>1</html_total>
	<html_done>1</html_done>
	<images>7</images>
	<script>1</script>
	<css>2</css>
	<pdf/>
	<documents/>
	<excel/>
	<powerpoint/>
	<flash/>
	<audios/>
	<videos/>
	<xml/>
	<json/>
	<txt/>
	<autocad/>
	<fonts>1</fonts>
	<scraping_reload>1</scraping_reload>
	<is_pretty_url>false</is_pretty_url>
	<has_trailing_slash>false</has_trailing_slash>
	<is_ebn>false</is_ebn>
	<email>prolltints@gmail.com</email>
	<theme_name>WmdTheme827018</theme_name>
	<server_url_front_page>https://www6.waybackmachinedownloader.com/wdo/files/demo/drift-hunters.co_prolltints_gmail.com_7kkzfpwngd/</server_url_front_page>
	<no_www_url>drift-hunters.co</no_www_url>
	<hosted_domain/>
	<original_archive_url>https://drift-hunters.co/drift-hunters-games.embed</original_archive_url>
	<final_archive_url>https://drift-hunters.co/drift-hunters-games.embed</final_archive_url>
	<front_page_code_date/>
	<total_urls_from_api/>
	<max_reached_live>false</max_reached_live>
	<scrape_other_captures>false</scrape_other_captures>
	<total_size>472</total_size>
</pagescount>
